r,g(r)
0.0,
0.001000860697977952,0.0
0.002001721395955904,0.0
0.003002582093933856,0.0
0.004003442791911808,0.0
0.005004303489889761,0.0
0.006005164187867712,0.0
0.007006024885845664,0.0
0.008006885583823616,0.0
0.009007746281801569,0.0
0.010008606979779521,0.0
0.011009467677757472,0.0
0.012010328375735424,0.0
0.013011189073713377,0.0
0.014012049771691328,0.0
0.015012910469669282,0.0
0.016013771167647232,0.0
0.017014631865625185,0.0
0.018015492563603137,0.0
0.01901635326158109,0.0
0.020017213959559042,0.0
0.02101807465753699,0.0
0.022018935355514944,0.0
0.023019796053492896,0.0
0.02402065675147085,0.0
0.0250215174494488,0.0
0.026022378147426754,0.0
0.027023238845404706,0.0
0.028024099543382655,0.0
0.029024960241360608,0.0
0.030025820939338563,0.0
0.031026681637316512,0.0
0.032027542335294465,0.0
0.03302840303327242,0.0
0.03402926373125037,0.0
0.03503012442922832,0.0
0.036030985127206275,0.0
0.03703184582518423,0.0
0.03803270652316218,0.0
0.039033567221140125,0.0
0.040034427919118085,0.0
0.04103528861709604,0.0
0.04203614931507398,0.0
0.043037010013051935,0.0
0.04403787071102989,0.0
0.04503873140900784,0.0
0.04603959210698579,0.0
0.047040452804963745,0.0
0.0480413135029417,0.0
0.04904217420091965,0.0
0.0500430348988976,0.0
0.05104389559687555,0.0
0.05204475629485351,0.0
0.05304561699283145,0.0
0.05404647769080941,0.0
0.055047338388787365,0.0
0.05604819908676531,0.0
0.05704905978474327,0.0
0.058049920482721215,0.0
0.05905078118069917,0.0
0.06005164187867713,0.0
0.06105250257665507,0.0
0.062053363274633025,0.0
0.06305422397261097,0.0
0.06405508467058893,0.0
0.06505594536856689,0.0
0.06605680606654483,0.0
0.0670576667645228,0.0
0.06805852746250074,0.0
0.06905938816047869,0.0
0.07006024885845664,0.0
0.07106110955643459,0.0
0.07206197025441255,0.0
0.0730628309523905,0.0
0.07406369165036845,0.0
0.07506455234834641,0.0
0.07606541304632436,0.0
0.0770662737443023,0.0
0.07806713444228025,0.0
0.07906799514025821,0.0
0.08006885583823617,0.0
0.08106971653621411,0.0
0.08207057723419207,0.0
0.08307143793217002,0.0
0.08407229863014797,0.0
0.08507315932812591,0.0
0.08607402002610387,0.0
0.08707488072408183,0.0
0.08807574142205978,0.0
0.08907660212003773,0.0
0.09007746281801568,0.0
0.09107832351599364,0.0
0.09207918421397158,0.0
0.09308004491194953,0.0
0.09408090560992749,0.0
0.09508176630790544,0.0
0.0960826270058834,0.0
0.09708348770386135,0.0
0.0980843484018393,0.0
0.09908520909981726,0.0
0.1000860697977952,0.0
0.10108693049577315,0.0
0.1020877911937511,0.0
0.10308865189172906,0.0
0.10408951258970701,0.0
0.10509037328768497,0.0
0.1060912339856629,0.0
0.10709209468364086,0.0
0.10809295538161882,0.0
0.10909381607959677,0.0
0.11009467677757473,0.0
0.11109553747555266,0.0
0.11209639817353062,0.0
0.11309725887150858,0.0
0.11409811956948654,0.0
0.1150989802674645,0.0
0.11609984096544243,0.0
0.11710070166342038,0.0
0.11810156236139834,0.0
0.1191024230593763,0.0
0.12010328375735425,0.0
0.12110414445533219,0.0
0.12210500515331014,0.0
0.1231058658512881,0.0
0.12410672654926605,0.0
0.12510758724724402,0.0
0.12610844794522194,0.0
0.12710930864319991,0.0
0.12811016934117786,0.0
0.1291110300391558,0.0
0.13011189073713378,0.0
0.1311127514351117,0.0
0.13211361213308967,0.0
0.13311447283106762,0.0
0.1341153335290456,0.0
0.13511619422702353,0.0
0.13611705492500148,0.0
0.13711791562297942,0.0
0.13811877632095737,0.0
0.13911963701893534,0.0
0.1401204977169133,0.0
0.14112135841489123,0.0
0.14212221911286918,0.0
0.14312307981084715,0.0
0.1441239405088251,0.0
0.14512480120680304,0.0
0.146125661904781,0.0
0.14712652260275894,0.0
0.1481273833007369,0.0
0.14912824399871485,0.0
0.15012910469669283,0.0
0.15112996539467075,0.0
0.15213082609264872,0.0
0.15313168679062666,0.0
0.1541325474886046,0.0
0.15513340818658258,0.0
0.1561342688845605,0.0
0.15713512958253847,0.0
0.15813599028051642,0.0
0.1591368509784944,0.0
0.16013771167647234,0.0
0.16113857237445028,0.0
0.16213943307242823,0.0
0.16314029377040618,0.0
0.16414115446838415,0.0
0.16514201516636207,0.0
0.16614287586434004,0.0
0.16714373656231798,0.0
0.16814459726029593,0.0
0.1691454579582739,0.0
0.17014631865625182,0.0
0.1711471793542298,0.0
0.17214804005220774,0.0
0.1731489007501857,0.0
0.17414976144816366,0.0
0.1751506221461416,0.0
0.17615148284411955,0.0
0.1771523435420975,0.0
0.17815320424007547,0.0
0.17915406493805341,0.0
0.18015492563603136,0.0
0.1811557863340093,0.0
0.18215664703198728,0.0
0.18315750772996522,0.0
0.18415836842794317,0.0
0.18515922912592112,0.0
0.18616008982389906,0.0
0.18716095052187703,0.0
0.18816181121985498,0.0
0.18916267191783295,0.0
0.19016353261581087,0.0
0.19116439331378884,0.0
0.1921652540117668,0.0
0.19316611470974474,0.0
0.1941669754077227,0.0
0.19516783610570063,0.0
0.1961686968036786,0.0
0.19716955750165654,0.0
0.19817041819963452,0.0
0.19917127889761246,0.0
0.2001721395955904,0.0
0.20117300029356835,0.0
0.2021738609915463,0.0
0.20317472168952427,0.0
0.2041755823875022,0.0
0.2051764430854802,0.0
0.2061773037834581,0.0
0.20717816448143606,0.0
0.20817902517941403,0.0
0.20917988587739197,0.0
0.21018074657536995,0.0013136032502566353
0.21118160727334787,0.0
0.2121824679713258,0.004726095709471743
0.21318332866930378,0.002553721851322164
0.21418418936728173,0.0033732147399375572
0.2151850500652597,0.00710155656547611
0.21618591076323765,0.009105351747535063
0.21718677146121557,0.006561181687025861
0.21818763215919354,0.011783289823760703
0.21918849285717149,0.025364941724790355
0.22018935355514946,0.02513487541451797
0.2211902142531274,0.03479202236915673
0.22219107495110532,0.06504047259305744
0.22319193564908332,0.07882570450020765
0.22419279634706124,0.09967477787591855
0.22519365704503921,0.12625381402022143
0.22619451774301716,0.17012854374750655
0.2271953784409951,0.18924360512100244
0.22819623913897308,0.23550553192793536
0.229197099836951,0.30083796409788466
0.230197960534929,0.39057968853093805
0.23119882123290691,0.4534283395513952
0.23219968193088486,0.48576278932182726
0.23320054262886283,0.6526882218137674
0.23420140332684075,0.6869716055418387
0.23520226402481875,0.8248476956111258
0.23620312472279667,0.9926105600155448
0.23720398542077462,1.0746667962121983
0.2382048461187526,1.2320143978618028
0.23920570681673053,1.3177334850870148
0.2402065675147085,1.5079207477242862
0.24120742821268643,1.582538982230976
0.24220828891066437,1.804580521365039
0.24320914960864234,1.975830671465117
0.2442100103066203,2.112108811061657
0.24521087100459826,2.2345195533753284
0.2462117317025762,2.4949540297148274
0.24721259240055413,2.6289333109948494
0.2482134530985321,2.816560239063613
0.24921431379651005,2.911086415189867
0.25021517449448805,3.126669982738849
0.25121603519246594,3.2768188683172847
0.2522168958904439,3.280967377377106
0.2532177565884219,3.4876741941037874
0.25421861728639983,3.6482298539193154
0.2552194779843778,3.790722625083145
0.2562203386823557,3.816853677463066
0.25722119938033366,3.9330950737759394
0.2582220600783116,3.9682268079717202
0.25922292077628956,4.147493563849
0.26022378147426756,4.237623846125602
0.2612246421722455,4.140300191963591
0.2622255028702234,4.301449759705306
0.2632263635682014,4.211292109800398
0.26422722426617934,4.314654043543745
0.2652280849641573,4.345945756404415
0.26622894566213523,4.269392502842411
0.2672298063601132,4.289478737878803
0.2682306670580912,4.24596682348734
0.26923152775606907,4.337210739326297
0.27023238845404707,4.185680532786881
0.271233249152025,4.209010827774552
0.27223410985000296,4.124091707293266
0.2732349705479809,4.053515355081866
0.27423583124595885,4.031697811980655
0.27523669194393685,4.0256654809934265
0.27623755264191474,3.9116271895904102
0.2772384133398927,3.857010598045955
0.2782392740378707,3.770345916123359
0.27924013473584863,3.6736592905517997
0.2802409954338266,3.7526360851706433
0.2812418561318045,3.599786295810994
0.28224271682978247,3.5871705899578346
0.2832435775277604,3.412619510054396
0.28424443822573836,3.299328828100382
0.28524529892371636,3.260525799764425
0.2862461596216943,3.2160459075042587
0.2872470203196722,2.9906549667205065
0.2882478810176502,3.0153200071212143
0.28924874171562814,2.911026021030939
0.2902496024136061,2.854017829847119
0.29125046311158403,2.7657986937888333
0.292251323809562,2.712010510306826
0.29325218450754,2.61143083683618
0.29425304520551787,2.560856132260513
0.2952539059034959,2.456986764887657
0.2962547666014738,2.4064729978133834
0.29725562729945176,2.279525836143234
0.2982564879974297,2.2396814121138373
0.29925734869540765,2.2065819266891906
0.30025820939338566,2.139329874690455
0.30125907009136355,2.117252788758694
0.3022599307893415,1.9789731681525695
0.3032607914873195,1.8891626157450248
0.30426165218529744,1.9014100024544462
0.3052625128832754,1.8661285711493165
0.30626337358125333,1.7821857142995463
0.3072642342792313,1.7511304587334497
0.3082650949772092,1.7216616152898692
0.30926595567518717,1.630854098386294
0.31026681637316517,1.570919126893275
0.3112676770711431,1.5508506912201605
0.312268537769121,1.4780425082145197
0.313269398467099,1.3974591100398832
0.31427025916507695,1.354494473994796
0.3152711198630549,1.4027336633851595
0.31627198056103284,1.3203859557108129
0.3172728412590108,1.3157196248470542
0.3182737019569888,1.2881713800442975
0.3192745626549667,1.2159695121547003
0.3202754233529447,1.1936728128870133
0.3212762840509226,1.1828739688047698
0.32227714474890057,1.163246583332176
0.3232780054468785,1.1442093838565677
0.32427886614485646,1.1000000697022156
0.3252797268428344,1.0298040094468708
0.32628058754081235,1.006416420702897
0.3272814482387903,0.9767940943558874
0.3282823089367683,0.9607958201941684
0.32928316963474624,0.9294530919651977
0.33028403033272413,0.912302885415838
0.33128489103070213,0.8949901550789694
0.3322857517286801,0.8596495490132537
0.333286612426658,0.8250649508591862
0.33428747312463597,0.8201318381424962
0.3352883338226139,0.8073278575896705
0.33628919452059186,0.7503616482911277
0.3372900552185698,0.7569669236419742
0.3382909159165478,0.7697348943010588
0.33929177661452575,0.7398281265385396
0.34029263731250364,0.7451709884178574
0.34129349801048164,0.7484457888986837
0.3422943587084596,0.6917407492310194
0.34329521940643754,0.6998589245015777
0.3442960801044155,0.6659341071624084
0.3452969408023934,0.6609435726168397
0.3462978015003714,0.658257697427
0.3472986621983493,0.6499788172592176
0.3482995228963273,0.6427407857397948
0.34930038359430526,0.6322456424967356
0.3503012442922832,0.6182342337007831
0.35130210499026115,0.5802347441742839
0.3523029656882391,0.5777218698016998
0.3533038263862171,0.5825114468489914
0.354304687084195,0.5581147123648548
0.35530554778217294,0.5516039198855874
0.35630640848015094,0.53997700580711
0.3573072691781289,0.5471074206086173
0.35830812987610683,0.5237153022612695
0.3593089905740848,0.5386312502594431
0.3603098512720627,0.5253622406477777
0.36131071197004067,0.5206776097068525
0.3623115726680186,0.5394660727548478
0.3633124333659966,0.5101199662887874
0.36431329406397456,0.47846443830538476
0.36531415476195245,0.49903711061973255
0.36631501545993045,0.499052737093602
0.3673158761579084,0.490172024705977
0.36831673685588634,0.4686899226785897
0.3693175975538643,0.4626076108015954
0.37031845825184223,0.4742155710170438
0.37131931894982023,0.44023713057728603
0.3723201796477981,0.46829295197104187
0.3733210403457761,0.4453829654642891
0.37432190104375407,0.46219345794368205
0.375322761741732,0.448471856110017
0.37632362243970996,0.4296992320621493
0.3773244831376879,0.43883511405438236
0.3783253438356659,0.4362460176778209
0.3793262045336438,0.45088541523661835
0.38032706523162174,0.4363464325632605
0.38132792592959974,0.42155460413561624
0.3823287866275777,0.42212930850500546
0.38332964732555563,0.4234821039362956
0.3843305080235336,0.4307080351045932
0.3853313687215115,0.4107561369976038
0.38633222941948947,0.40383540228365344
0.3873330901174674,0.4284399503826637
0.3883339508154454,0.41815346316557617
0.38933481151342336,0.406435639305784
0.39033567221140125,0.39508625724878477
0.39133653290937925,0.41529800339220774
0.3923373936073572,0.3955889379918261
0.39333825430533514,0.4028301651885421
0.3943391150033131,0.4005391548844829
0.39533997570129104,0.4180680734285765
0.39634083639926904,0.39453331779402107
0.3973416970972469,0.404187474713821
0.3983425577952249,0.39021241168058196
0.3993434184932029,0.41591371607848593
0.4003442791911808,0.39271646970078655
0.40134513988915876,0.39039996796530835
0.4023460005871367,0.3849949022499761
0.40334686128511466,0.37690397612637827
0.4043477219830926,0.4021332496816973
0.4053485826810706,0.4119224341284872
0.40634944337904855,0.40474131060969165
0.4073503040770265,0.3934291257620471
0.4083511647750044,0.39567894615888805
0.40935202547298233,0.4011342473516693
0.4103528861709604,0.4190527213382644
0.4113537468689383,0.4071850464299158
0.4123546075669162,0.37995624223006574
0.41335546826489417,0.41615675506550354
0.4143563289628721,0.40592437342130205
0.4153571896608501,0.3898432745930737
0.41635805035882806,0.44376237666523205
0.417358911056806,0.4139857028291844
0.41835977175478395,0.41510175463628163
0.41936063245276184,0.40223370889304116
0.4203614931507399,0.4272494571459706
0.42136235384871784,0.39918372126890844
0.42236321454669573,0.42526949994578916
0.4233640752446737,0.4202393940084631
0.4243649359426516,0.41374819711102623
0.4253657966406296,0.4201421363076878
0.42636665733860757,0.43966577873596585
0.4273675180365855,0.44290422944691615
0.42836837873456346,0.4142729352485812
0.4293692394325414,0.42734770384284254
0.4303701001305194,0.43444816635853845
0.43137096082849735,0.4423098115249012
0.4323718215264753,0.40860265967063597
0.4333726822244532,0.44873848392232063
0.43437354292243113,0.4270919204398396
0.4353744036204092,0.4257428224232476
0.4363752643183871,0.4636115065141711
0.437376125016365,0.4443024701387479
0.43837698571434297,0.47901491138205277
0.4393778464123209,0.45839894244988566
0.4403787071102989,0.4688851163636864
0.44137956780827686,0.4674560923815752
0.4423804285062548,0.4647502533516334
0.44338128920423275,0.45950577851029956
0.44438214990221064,0.43882728496520684
0.4453830106001887,0.47761758454956643
0.44638387129816665,0.4726629990289545
0.44738473199614454,0.46948747788776796
0.4483855926941225,0.49914357878404003
0.4493864533921004,0.48552450965321614
0.45038731409007843,0.49347695434640926
0.4513881747880564,0.5093287502672784
0.4523890354860343,0.47002736003130563
0.45338989618401226,0.49279661836192284
0.4543907568819902,0.528570504996384
0.4553916175799682,0.5234514632265258
0.45639247827794616,0.5127074297216605
0.4573933389759241,0.5001106814750402
0.458394199673902,0.5316215552831346
0.45939506037187994,0.5282994398016193
0.460395921069858,0.5317541694088261
0.4613967817678359,0.5425337618731836
0.46239764246581383,0.5292409789257106
0.4633985031637918,0.5529899014964135
0.4643993638617697,0.5298904282336329
0.4654002245597477,0.5434207604755736
0.46640108525772567,0.5313984759617266
0.4674019459557036,0.5551563718156526
0.4684028066536815,0.5816159755851527
0.46940366735165945,0.5625464219855996
0.4704045280496375,0.5764143392178639
0.4714053887476154,0.5722284346791202
0.47240624944559334,0.6033498173479049
0.4734071101435713,0.5999382557927133
0.47440797084154923,0.603683587379597
0.47540883153952723,0.6126127395477179
0.4764096922375052,0.5854966044072071
0.4774105529354831,0.5906823997831347
0.47841141363346107,0.6334281984817327
0.47941227433143896,0.6220334284321803
0.480413135029417,0.6286634909226251
0.48141399572739496,0.6253010602416305
0.48241485642537285,0.6310207958559648
0.4834157171233508,0.6391710333006768
0.48441657782132874,0.6522768895286659
0.48541743851930674,0.6509854160300405
0.4864182992172847,0.6454478298252689
0.48741915991526263,0.6623403053532063
0.4884200206132406,0.6579257867381099
0.4894208813112185,0.6825324737943783
0.4904217420091965,0.6721091242282472
0.49142260270717447,0.696687419331111
0.4924234634051524,0.7015961341393371
0.4934243241031303,0.7345842282113111
0.49442518480110825,0.709378375062269
0.4954260454990863,0.731418471400012
0.4964269061970642,0.7348299230329267
0.49742776689504214,0.7365663454027784
0.4984286275930201,0.7645222400435783
0.49942948829099804,0.7520775720520647
0.5004303489889761,0.7261320283529624
0.501431209686954,0.7673950645346278
0.5024320703849319,0.7808918970868359
0.5034329310829099,0.7650443937346735
0.5044337917808878,0.7967520640011456
0.5054346524788658,0.7904195809924774
0.5064355131768438,0.805474448426357
0.5074363738748217,0.7919333680497498
0.5084372345727997,0.8160553529174677
0.5094380952707775,0.834168307903792
0.5104389559687555,0.8234019709125961
0.5114398166667335,0.837930480127112
0.5124406773647114,0.8493191852159401
0.5134415380626893,0.8294285260469314
0.5144423987606673,0.8532474520787244
0.5154432594586453,0.8575817153969714
0.5164441201566232,0.8795718752664856
0.5174449808546012,0.8717656962555447
0.5184458415525791,0.8833717985883968
0.5194467022505571,0.8940218077935277
0.5204475629485351,0.896942290315766
0.521448423646513,0.8998337849981907
0.522449284344491,0.9119091960527776
0.5234501450424689,0.9289686504936145
0.5244510057404468,0.9386477330257458
0.5254518664384249,0.9539211656263651
0.5264527271364028,0.951274634679805
0.5274535878343807,0.9587228762624523
0.5284544485323587,0.9609130473589285
0.5294553092303366,0.9524533047351798
0.5304561699283146,0.9914145792291122
0.5314570306262926,1.0212413756408019
0.5324578913242705,0.994071988724334
0.5334587520222485,0.984567805425484
0.5344596127202264,0.9859625287874996
0.5354604734182044,1.0497444270685674
0.5364613341161824,1.039580333990988
0.5374621948141602,1.0535911732232215
0.5384630555121381,1.0538810996298762
0.5394639162101161,1.0641980927572439
0.5404647769080941,1.0735706365893702
0.541465637606072,1.0773246772410128
0.54246649830405,1.0704607279221106
0.5434673590020279,1.0874132352449535
0.5444682197000059,1.0721959833909713
0.5454690803979839,1.1155931220730133
0.5464699410959618,1.1179877761059924
0.5474708017939398,1.1319095510893444
0.5484716624919177,1.1135716540331895
0.5494725231898956,1.1198975344240532
0.5504733838878737,1.154448817451575
0.5514742445858516,1.1339162438857475
0.5524751052838295,1.1713841775061424
0.5534759659818075,1.140631106199449
0.5544768266797854,1.1916944691633242
0.5554776873777634,1.193171387820397
0.5564785480757414,1.188633406857379
0.5574794087737193,1.1969417801623046
0.5584802694716973,1.204624857513643
0.5594811301696752,1.2119363675784673
0.5604819908676532,1.2250992312705946
0.5614828515656312,1.2233738693666636
0.562483712263609,1.2478199439113855
0.5634845729615869,1.2599615533398336
0.5644854336595649,1.2575008253397506
0.5654862943575429,1.2581346067215602
0.5664871550555208,1.2605040835498362
0.5674880157534988,1.2809283454491547
0.5684888764514767,1.2808511160537728
0.5694897371494547,1.2876254223823143
0.5704905978474327,1.3081923692784316
0.5714914585454106,1.3222703298937124
0.5724923192433886,1.3056112377194673
0.5734931799413665,1.3074687087948136
0.5744940406393444,1.3226679722691148
0.5754949013373225,1.3243790679816898
0.5764957620353004,1.3367794534349917
0.5774966227332783,1.3277418980973752
0.5784974834312563,1.3666748127090094
0.5794983441292342,1.3625916811328067
0.5804992048272122,1.3668518214867174
0.5815000655251902,1.370388131651094
0.5825009262231681,1.3642577405610639
0.5835017869211461,1.3888400987377454
0.584502647619124,1.363252381360496
0.585503508317102,1.3965131200953182
0.58650436901508,1.3888830800821879
0.5875052297130579,1.4155939335569783
0.5885060904110357,1.3750946268949247
0.5895069511090137,1.4031580035082256
0.5905078118069917,1.4138823865135148
0.5915086725049696,1.385826776465056
0.5925095332029476,1.4201033758961934
0.5935103939009255,1.432176032458977
0.5945112545989035,1.4210095154004383
0.5955121152968815,1.442200008582797
0.5965129759948594,1.4305149601887288
0.5975138366928374,1.440571739966676
0.5985146973908153,1.4252821543402796
0.5995155580887932,1.4346275820823793
0.6005164187867713,1.4476575566147
0.6015172794847492,1.4479762716273052
0.6025181401827271,1.439013641685274
0.6035190008807051,1.4848020514528006
0.604519861578683,1.4567059099370618
0.605520722276661,1.4260967119616947
0.606521582974639,1.435170464098884
0.6075224436726169,1.4311269405940628
0.6085233043705949,1.4458551499433137
0.6095241650685728,1.433092725458339
0.6105250257665508,1.41687731863431
0.6115258864645288,1.4480885295349473
0.6125267471625067,1.4440303075623695
0.6135276078604845,1.4580279793892348
0.6145284685584625,1.429464983103227
0.6155293292564405,1.4517256495191941
0.6165301899544184,1.4412147850149086
0.6175310506523964,1.4314745124885138
0.6185319113503743,1.4263400598206766
0.6195327720483523,1.4463791337082115
0.6205336327463303,1.4338304118353398
0.6215344934443082,1.4446886880625902
0.6225353541422862,1.4123462284196988
0.6235362148402641,1.4246318294823415
0.624537075538242,1.4195734397275743
0.6255379362362201,1.4208181603775498
0.626538796934198,1.4049490178228898
0.6275396576321759,1.4075933005102264
0.6285405183301539,1.4172642077882216
0.6295413790281318,1.3948492930448073
0.6305422397261098,1.3905706703272278
0.6315431004240878,1.3966906906022196
0.6325439611220657,1.384732532565349
0.6335448218200437,1.3899510360288345
0.6345456825180216,1.3955140712057132
0.6355465432159996,1.3862375529595852
0.6365474039139776,1.3776807684812624
0.6375482646119555,1.3463759143676148
0.6385491253099334,1.3678233826449935
0.6395499860079114,1.3343669584612257
0.6405508467058894,1.359523561533795
0.6415517074038672,1.3356404513051605
0.6425525681018452,1.3298899112203817
0.6435534287998231,1.3395811716336334
0.6445542894978011,1.34957834872184
0.645555150195779,1.321028767385723
0.646556010893757,1.2919090099189328
0.647556871591735,1.3169336304670405
0.6485577322897129,1.3139758357692897
0.6495585929876908,1.291179110499144
0.6505594536856688,1.3011947518619036
0.6515603143836468,1.2770155495991233
0.6525611750816247,1.2613364853799442
0.6535620357796027,1.280798056999322
0.6545628964775806,1.2578774753625317
0.6555637571755586,1.2467481090192867
0.6565646178735366,1.2613922707583722
0.6575654785715145,1.2639077575846593
0.6585663392694925,1.269122705612364
0.6595671999674704,1.2511788066410472
0.6605680606654483,1.2356872172481286
0.6615689213634264,1.224879914191996
0.6625697820614043,1.1950092554104337
0.6635706427593822,1.2357757339226616
0.6645715034573602,1.1876022605993168
0.665572364155338,1.1898407190994926
0.666573224853316,1.1884905634474348
0.667574085551294,1.1891831382722657
0.6685749462492719,1.1600936216190396
0.6695758069472498,1.1791928460291052
0.6705766676452278,1.166943207624285
0.6715775283432058,1.1883855472558214
0.6725783890411837,1.1602640166817564
0.6735792497391617,1.1370792124762217
0.6745801104371396,1.1391485055414008
0.6755809711351176,1.1274266400019912
0.6765818318330956,1.1104025885179636
0.6775826925310735,1.0938954406290031
0.6785835532290515,1.1297375445791211
0.6795844139270294,1.1177005952709718
0.6805852746250073,1.0853087210262102
0.6815861353229854,1.082956419272201
0.6825869960209633,1.1008729190274238
0.6835878567189412,1.063501373391922
0.6845887174169192,1.054326816175799
0.6855895781148971,1.0736790651567496
0.6865904388128751,1.0453978552724374
0.6875912995108531,1.0483710039499787
0.688592160208831,1.0350861370394382
0.689593020906809,1.0347276829051504
0.6905938816047869,1.0258496429920059
0.6915947423027649,1.0304451465149909
0.6925956030007429,1.0201703925021854
0.6935964636987207,1.0179118421639723
0.6945973243966986,0.9998255455718215
0.6955981850946766,1.0153798905088638
0.6965990457926546,1.011188632588773
0.6975999064906325,0.9809027515845707
0.6986007671886105,1.01428023051241
0.6996016278865884,1.0016580673248523
0.7006024885845664,0.9802370174065069
0.7016033492825444,0.9662430432828545
0.7026042099805223,0.9629827844967046
0.7036050706785003,0.9536418470252492
0.7046059313764782,0.9556489089894856
0.7056067920744561,0.9539110484828777
0.7066076527724342,0.9392009181936751
0.7076085134704121,0.9466674143967899
0.70860937416839,0.9484251945349755
0.709610234866368,0.923510010064973
0.7106110955643459,0.9159689536322339
0.7116119562623239,0.9327606631373311
0.7126128169603019,0.9194007469784293
0.7136136776582798,0.9199003079776963
0.7146145383562578,0.9124012425657971
0.7156153990542357,0.8978393742509139
0.7166162597522137,0.8969528547718363
0.7176171204501917,0.8762728599736322
0.7186179811481695,0.8884044501845252
0.7196188418461474,0.8803320184890374
0.7206197025441254,0.8776648549449048
0.7216205632421034,0.8777578886859543
0.7226214239400813,0.8671415883343562
0.7236222846380593,0.8877585625811113
0.7246231453360372,0.8610311744399793
0.7256240060340152,0.8579962853236295
0.7266248667319932,0.8602870617921076
0.7276257274299711,0.8454634738464215
0.7286265881279491,0.8564411427662484
0.729627448825927,0.8359255659959266
0.7306283095239049,0.8314627897386279
0.731629170221883,0.8633746665090334
0.7326300309198609,0.8195737541148683
0.7336308916178388,0.841742070555384
0.7346317523158168,0.8231778949562865
0.7356326130137947,0.8365597406532327
0.7366334737117727,0.8229878494737299
0.7376343344097507,0.8373581354260063
0.7386351951077286,0.8141723769503247
0.7396360558057066,0.8214111185408819
0.7406369165036845,0.8118579038909429
0.7416377772016625,0.8167016919660937
0.7426386378996405,0.815974891880223
0.7436394985976184,0.7977596828007395
0.7446403592955962,0.801477247581547
0.7456412199935742,0.80597218785288
0.7466420806915522,0.7928136006461158
0.7476429413895301,0.79152288404643
0.7486438020875081,0.8080447603670421
0.749644662785486,0.8056820144665142
0.750645523483464,0.7846884328661029
0.751646384181442,0.7981096822363201
0.7526472448794199,0.797388466871846
0.7536481055773979,0.7932967368044026
0.7546489662753758,0.7945564878540377
0.7556498269733537,0.7862199766282744
0.7566506876713318,0.7717081234339457
0.7576515483693097,0.7741186002972547
0.7586524090672876,0.7683805343287721
0.7596532697652656,0.7776867531394054
0.7606541304632435,0.7761095948479998
0.7616549911612215,0.7741379123184311
0.7626558518591995,0.7601351835537852
0.7636567125571774,0.7771166707414203
0.7646575732551554,0.7596673441379656
0.7656584339531333,0.768802168816097
0.7666592946511113,0.7741021175621344
0.7676601553490893,0.7688353433128774
0.7686610160470672,0.7667362558642119
0.769661876745045,0.772743531420997
0.770662737443023,0.7579707878484963
0.771663598141001,0.752724952299248
0.7726644588389789,0.7719982453636562
0.7736653195369569,0.7595639419547333
0.7746661802349348,0.7557974688965317
0.7756670409329128,0.7613070335089844
0.7766679016308908,0.7617191230088264
0.7776687623288687,0.7477015627282535
0.7786696230268467,0.7546176304661708
0.7796704837248246,0.7579636716872491
0.7806713444228025,0.763003986524806
0.7816722051207806,0.7699471381736323
0.7826730658187585,0.7624848606988778
0.7836739265167364,0.7612314219389903
0.7846747872147144,0.7619610945087159
0.7856756479126923,0.7470166284687552
0.7866765086106703,0.760088761410224
0.7876773693086483,0.7569424813008377
0.7886782300066262,0.759811581622094
0.7896790907046042,0.7716281996346238
0.7906799514025821,0.7510497642395846
0.7916808121005601,0.7612808686838537
0.7926816727985381,0.7544033618804838
0.793682533496516,0.7714173204351504
0.7946833941944939,0.7638089615746101
0.7956842548924719,0.7768593816871951
0.7966851155904499,0.7619564758542573
0.7976859762884277,0.7567320801767369
0.7986868369864057,0.7508946741944844
0.7996876976843836,0.7766623840744965
0.8006885583823616,0.7800020109637933
0.8016894190803396,0.7731800172329323
0.8026902797783175,0.7689714533576906
0.8036911404762955,0.7772692591109017
0.8046920011742734,0.7618047794210809
0.8056928618722513,0.7716835547500059
0.8066937225702293,0.7754175098745134
0.8076945832682072,0.7740603345765383
0.8086954439661852,0.7870229215048752
0.8096963046641633,0.7719195622119297
0.8106971653621412,0.7856722905873083
0.8116980260601191,0.7789210852908973
0.8126988867580971,0.7701506689654892
0.813699747456075,0.7979393132531395
0.814700608154053,0.7726073743020466
0.8157014688520309,0.8022550654115805
0.8167023295500088,0.8043789892706742
0.8177031902479868,0.7939926735214983
0.8187040509459647,0.7885895282828572
0.8197049116439428,0.7981802260928219
0.8207057723419208,0.7926448849820062
0.8217066330398987,0.8015441026321499
0.8227074937378765,0.798537659134244
0.8237083544358546,0.7948307272716487
0.8247092151338324,0.8069519773230454
0.8257100758318104,0.7914923505486817
0.8267109365297883,0.8086811046304837
0.8277117972277662,0.8052019596812159
0.8287126579257442,0.8158482792479487
0.8297135186237223,0.8113242946972854
0.8307143793217002,0.8136871166351982
0.8317152400196782,0.8135475396896268
0.8327161007176561,0.8249550392960088
0.833716961415634,0.8218902279446255
0.834717822113612,0.8171997819527812
0.8357186828115899,0.8242723095583613
0.8367195435095679,0.8408131387840337
0.8377204042075458,0.8352771298300713
0.8387212649055237,0.8333123152860002
0.8397221256035018,0.83736209950695
0.8407229863014798,0.8501749702598465
0.8417238469994577,0.8410286115774184
0.8427247076974357,0.8350010468709693
0.8437255683954136,0.8671767802272947
0.8447264290933915,0.8499155170703931
0.8457272897913695,0.863076659349108
0.8467281504893474,0.8486267269608498
0.8477290111873254,0.8731365856514243
0.8487298718853032,0.8633986099241191
0.8497307325832814,0.8639109004147566
0.8507315932812592,0.8886326902095618
0.8517324539792372,0.8785996543478038
0.8527333146772151,0.8736654871143107
0.8537341753751931,0.8918143635357348
0.854735036073171,0.8892769221923466
0.8557358967711489,0.8894960568823046
0.8567367574691269,0.8832551970605248
0.8577376181671048,0.891527794864447
0.8587384788650828,0.8935952753998353
0.8597393395630609,0.907950376936814
0.8607402002610388,0.9087381537425054
0.8617410609590167,0.9081132285087661
0.8627419216569947,0.9267196168612207
0.8637427823549726,0.9145392644707876
0.8647436430529506,0.9289010831079094
0.8657445037509285,0.9136700715318046
0.8667453644489064,0.928323232690805
0.8677462251468844,0.945783540415077
0.8687470858448623,0.934096983458377
0.8697479465428404,0.9385200604696067
0.8707488072408184,0.9366954379249737
0.8717496679387963,0.9439126610715751
0.8727505286367742,0.9406061891859325
0.8737513893347522,0.9537053401206059
0.87475225003273,0.9538245791576716
0.875753110730708,0.9597920964195125
0.8767539714286859,0.9684475666867873
0.8777548321266638,0.9703074968100295
0.8787556928246418,0.969801828190698
0.8797565535226199,0.9750191524307578
0.8807574142205978,0.9888877868938033
0.8817582749185758,0.9934360569188176
0.8827591356165537,0.9865180267375182
0.8837599963145316,0.9980796208289886
0.8847608570125096,0.9922151038431246
0.8857617177104875,1.0041010663935261
0.8867625784084655,0.9958828395604645
0.8877634391064434,1.007309257960574
0.8887642998044213,1.01819194651609
0.8897651605023994,1.0258468485078138
0.8907660212003774,1.0134259191154567
0.8917668818983553,1.0222439078885546
0.8927677425963333,1.0215549198051848
0.8937686032943112,1.0373082162082568
0.8947694639922891,1.0139692503084523
0.8957703246902671,1.0361246217027218
0.896771185388245,1.0355689880959937
0.897772046086223,1.037629167562145
0.8987729067842009,1.051171578455163
0.899773767482179,1.050387358414772
0.9007746281801569,1.060760896647238
0.9017754888781349,1.0545779340896113
0.9027763495761127,1.0548516451830936
0.9037772102740907,1.0559267230159204
0.9047780709720686,1.0612004205894816
0.9057789316700465,1.0753366873902697
0.9067797923680245,1.0697648187602673
0.9077806530660024,1.0795661795994487
0.9087815137639804,1.0778922270889573
0.9097823744619585,1.0805464245058347
0.9107832351599364,1.0800150557198755
0.9117840958579143,1.0896977314118248
0.9127849565558923,1.091882952691515
0.9137858172538702,1.0822184662828354
0.9147866779518482,1.1074737923290872
0.9157875386498261,1.0989885092904932
0.916788399347804,1.1098462988540765
0.917789260045782,1.10825371121675
0.9187901207437599,1.1107440728826985
0.919790981441738,1.1157360067968107
0.920791842139716,1.1260877830723464
0.9217927028376939,1.121913633084521
0.9227935635356718,1.131043421168546
0.9237944242336498,1.1253073557922322
0.9247952849316277,1.1178067051899743
0.9257961456296057,1.1265172846109106
0.9267970063275836,1.1315394844636866
0.9277978670255614,1.1454583838354468
0.9287987277235394,1.1230349567570033
0.9297995884215176,1.1580060418429152
0.9308004491194954,1.143684136241649
0.9318013098174734,1.14746648777859
0.9328021705154513,1.1332010254413076
0.9338030312134292,1.1307953546692826
0.9348038919114072,1.1572398372616555
0.9358047526093851,1.159801868086349
0.936805613307363,1.1466130923863427
0.937806474005341,1.1494895104380318
0.9388073347033189,1.1608445653122783
0.939808195401297,1.1665202867305182
0.940809056099275,1.1571557196536963
0.9418099167972529,1.153650858045091
0.9428107774952308,1.1559902231147026
0.9438116381932088,1.1736043769197837
0.9448124988911867,1.181411987919305
0.9458133595891647,1.1703934671052
0.9468142202871426,1.1688913535031962
0.9478150809851205,1.1699552627453393
0.9488159416830985,1.1802082889943943
0.9498168023810766,1.1726407674306925
0.9508176630790545,1.1865199591931648
0.9518185237770325,1.1841967699218172
0.9528193844750104,1.1711849653442419
0.9538202451729882,1.1670912216377314
0.9548211058709662,1.1742146570114234
0.9558219665689441,1.1740858454935708
0.9568228272669221,1.1626090743714417
0.9578236879649,1.1717348049050718
0.9588245486628779,1.1725090267298104
0.959825409360856,1.1746002444846337
0.960826270058834,1.19076039370163
0.9618271307568119,1.1689217123078726
0.9628279914547899,1.1735870973468534
0.9638288521527678,1.1734622832340798
0.9648297128507457,1.1784886866758115
0.9658305735487237,1.181024150812092
0.9668314342467016,1.1736759475119072
0.9678322949446796,1.1791795006715615
0.9688331556426575,1.170273600485084
0.9698340163406356,1.1733092127173652
0.9708348770386135,1.15796185777626
0.9718357377365915,1.1782090791312922
0.9728365984345694,1.1675493121839293
0.9738374591325474,1.1870361051462504
0.9748383198305253,1.1757252832763339
0.9758391805285032,1.1857462817810054
0.9768400412264812,1.181229773201146
0.977840901924459,1.1844166007649586
0.978841762622437,1.1646739947112423
0.9798426233204152,1.1612885329075542
0.980843484018393,1.173657589702509
0.9818443447163709,1.169199315505383
0.9828452054143489,1.1656778782916177
0.9838460661123268,1.1596703886414412
0.9848469268103048,1.1647134003981114
0.9858477875082827,1.154149843068381
0.9868486482062606,1.1489696584831202
0.9878495089042386,1.151954925134516
0.9888503696022165,1.1560335432310078
0.9898512303001946,1.154743263170879
0.9908520909981726,1.143742729816655
0.9918529516961505,1.1551402552692782
0.9928538123941284,1.1455128823139598
0.9938546730921064,1.1559946797582505
0.9948555337900843,1.1391097814105535
0.9958563944880623,1.1391227980946468
0.9968572551860402,1.135980074516325
0.9978581158840181,1.13339159918766
0.9988589765819961,1.1565771199819028
0.9998598372799742,1.1438725864134942
1.0008606979779522,1.1355805851340552
1.00186155867593,1.1251032073424065
1.002862419373908,1.1330328482907133
1.0038632800718859,1.1391627388369217
1.0048641407698637,1.1161865412510712
1.0058650014678419,1.125647665036578
1.0068658621658197,1.126616402445569
1.0078667228637976,1.1375763549257412
1.0088675835617755,1.126559222637628
1.0098684442597536,1.1246876814102955
1.0108693049577315,1.104100079043688
1.0118701656557096,1.1125154287568277
1.0128710263536875,1.1123164702824087
1.0138718870516654,1.1050219192675474
1.0148727477496433,1.106637111371929
1.0158736084476212,1.1116738469353777
1.0168744691455993,1.1037249663679725
1.0178753298435772,1.102638331273277
1.018876190541555,1.0915478387533963
1.0198770512395332,1.1122617017091219
1.020877911937511,1.098277617590433
1.021878772635489,1.0906257264543422
1.022879633333467,1.0844067214353519
1.023880494031445,1.0872142400531801
1.0248813547294229,1.0732322809019899
1.0258822154274008,1.0758994825306718
1.0268830761253787,1.066630849788812
1.0278839368233568,1.078523679397732
1.0288847975213347,1.0677104755721283
1.0298856582193125,1.0706331530309081
1.0308865189172907,1.0663346802897438
1.0318873796152686,1.06541160991744
1.0328882403132464,1.0629852387682124
1.0338891010112246,1.058973819816125
1.0348899617092024,1.058208832131197
1.0358908224071803,1.0459081429764432
1.0368916831051582,1.0574194315730026
1.0378925438031361,1.0439965506331648
1.0388934045011142,1.034333265038647
1.0398942651990921,1.0434692519874058
1.0408951258970702,1.0458732733136584
1.0418959865950481,1.0331200988533096
1.042896847293026,1.0295730422825966
1.043897707991004,1.0452438276387817
1.044898568688982,1.0293171507124326
1.04589942938696,1.0284090712626837
1.0469002900849378,1.0275555279473978
1.0479011507829157,1.0199038909762204
1.0489020114808936,1.023162598775629
1.0499028721788717,1.0184577349024593
1.0509037328768498,1.0163786214985673
1.0519045935748277,1.0189381432040305
1.0529054542728056,0.9994490526246131
1.0539063149707835,0.9997285468536209
1.0549071756687614,0.9930523722487157
1.0559080363667395,0.9892102538667621
1.0569088970647174,0.9990087855588428
1.0579097577626952,1.002840244589809
1.0589106184606731,0.9980300205054896
1.059911479158651,0.9891726555534193
1.0609123398566291,0.9809999828656945
1.0619132005546073,0.9778823022154379
1.0629140612525851,0.9947378608625703
1.063914921950563,0.9851258862348443
1.064915782648541,0.9721198499204868
1.0659166433465188,0.9693417403248671
1.066917504044497,0.9706166461528862
1.0679183647424748,0.9676617707457263
1.0689192254404527,0.9681698327408708
1.0699200861384306,0.9628953069850781
1.0709209468364087,0.9565762359514921
1.0719218075343866,0.9526359185636611
1.0729226682323647,0.9552954863266251
1.0739235289303426,0.9607779394134822
1.0749243896283205,0.9671925453313147
1.0759252503262984,0.9472306790204935
1.0769261110242763,0.9438196737822856
1.0779269717222544,0.9514403713437707
1.0789278324202323,0.942514209282425
1.0799286931182102,0.9452296077120178
1.0809295538161883,0.9338614304121914
1.0819304145141662,0.9342000275596454
1.082931275212144,0.9364985688711835
1.0839321359101222,0.9314607324474985
1.0849329966081,0.9251252247329311
1.085933857306078,0.9362642237843727
1.0869347180040558,0.9371604157459933
1.0879355787020337,0.9324135125837668
1.0889364394000118,0.934158580587685
1.0899373000979897,0.9295291428238376
1.0909381607959678,0.9246225628603398
1.0919390214939457,0.9306018340994514
1.0929398821919236,0.9156196816970036
1.0939407428899015,0.9243867841518495
1.0949416035878796,0.9156147303768787
1.0959424642858575,0.9215606732175736
1.0969433249838354,0.9125976267390022
1.0979441856818133,0.9184120409485266
1.0989450463797912,0.9077064226384431
1.0999459070777693,0.9140651380614547
1.1009467677757474,0.9202077372393243
1.1019476284737253,0.9187280671051481
1.1029484891717032,0.9143583083969883
1.103949349869681,0.9107488610669059
1.104950210567659,0.9150725941949764
1.105951071265637,0.9165800147598118
1.106951931963615,0.9045676988407997
1.1079527926615929,0.8990735898053898
1.1089536533595707,0.8997636135106224
1.1099545140575486,0.906525850558525
1.1109553747555267,0.8993451757301221
1.1119562354535049,0.9005898102038276
1.1129570961514827,0.8918498410193885
1.1139579568494606,0.8987901958769118
1.1149588175474385,0.8861607732570251
1.1159596782454164,0.8937669978434382
1.1169605389433945,0.8982591863790983
1.1179613996413724,0.8980444568566812
1.1189622603393503,0.8836778531701042
1.1199631210373282,0.8878358812960099
1.1209639817353063,0.9014294429124382
1.1219648424332842,0.8938136633993815
1.1229657031312623,0.8825882575541458
1.1239665638292402,0.8936798530331457
1.124967424527218,0.8861141750154652
1.125968285225196,0.8847836772020136
1.1269691459231739,0.891650337736686
1.127970006621152,0.8911937301044757
1.1289708673191299,0.8849552030800331
1.1299717280171078,0.8847668074255047
1.1309725887150859,0.8828990906320597
1.1319734494130638,0.8866371375600306
1.1329743101110417,0.8871960826199862
1.1339751708090198,0.8898425895628067
1.1349760315069977,0.8815467079654355
1.1359768922049756,0.8729938663166086
1.1369777529029534,0.8835029690116241
1.1379786136009313,0.8873716540242836
1.1389794742989094,0.8861408454789584
1.1399803349968873,0.8807750998720338
1.1409811956948654,0.876868073610543
1.1419820563928433,0.8851952498247884
1.1429829170908212,0.888813106167581
1.1439837777887991,0.8825140178720723
1.1449846384867772,0.8843359002797441
1.1459854991847551,0.8877113388582376
1.146986359882733,0.8740473310131853
1.147987220580711,0.8819616267893146
1.1489880812786888,0.8762059931060056
1.149988941976667,0.8853881185913649
1.150989802674645,0.8897186288086995
1.151990663372623,0.8763232234844046
1.1529915240706008,0.879153075539834
1.1539923847685787,0.8817539177261379
1.1549932454665566,0.8733388795474938
1.1559941061645347,0.8855784776936745
1.1569949668625126,0.8871681835597626
1.1579958275604905,0.8777159729211864
1.1589966882584684,0.886712757324937
1.1599975489564462,0.8819344822084688
1.1609984096544244,0.8864130497376643
1.1619992703524025,0.895588054238894
1.1630001310503804,0.8906149950607732
1.1640009917483582,0.8830165537468777
1.1650018524463361,0.8797042438273752
1.166002713144314,0.8972880236540355
1.1670035738422921,0.8865175534127655
1.16800443454027,0.8913793593663607
1.169005295238248,0.8951333229217311
1.1700061559362258,0.8901123332864168
1.171007016634204,0.8894942203419242
1.1720078773321818,0.8973825145997533
1.17300873803016,0.8868265045227
1.1740095987281378,0.8937776643699697
1.1750104594261157,0.8926479798361967
1.1760113201240936,0.8914648990735388
1.1770121808220715,0.8796589962735789
1.1780130415200496,0.9028785601847741
1.1790139022180275,0.8913551615764499
1.1800147629160054,0.8909828655377169
1.1810156236139835,0.8975446097688586
1.1820164843119614,0.8945854364964082
1.1830173450099393,0.9040049863191639
1.1840182057079174,0.9071961776666454
1.1850190664058953,0.903047229964097
1.1860199271038732,0.9059241697717649
1.187020787801851,0.9110003595910596
1.188021648499829,0.9095071585696226
1.189022509197807,0.9128337458933801
1.190023369895785,0.9128014132348689
1.191024230593763,0.9123588193927782
1.192025091291741,0.9194580989902966
1.1930259519897188,0.9158638958966239
1.1940268126876967,0.9151974647564142
1.1950276733856748,0.9218461774642898
1.1960285340836527,0.9130425898414101
1.1970293947816306,0.9137708253943851
1.1980302554796085,0.9340100508442175
1.1990311161775864,0.9241768952400546
1.2000319768755645,0.9120917779340519
1.2010328375735426,0.9246524432065844
1.2020336982715205,0.9298471312833285
1.2030345589694984,0.93136121898302
1.2040354196674763,0.9308542111873874
1.2050362803654542,0.9325322046119459
1.2060371410634323,0.9371556477127467
1.2070380017614102,0.9392930320843266
1.208038862459388,0.939049474051668
1.209039723157366,0.9351796815801754
1.2100405838553439,0.9401197915556067
1.211041444553322,0.9278175078895503
1.2120423052513,0.9391370064616683
1.213043165949278,0.9410583203626338
1.2140440266472559,0.9454786723698205
1.2150448873452337,0.9501190283088499
1.2160457480432116,0.9528461399020524
1.2170466087411898,0.9566077300809965
1.2180474694391676,0.9459229609113865
1.2190483301371455,0.9472339410515869
1.2200491908351234,0.9562713347822144
1.2210500515331015,0.9627739242560538
1.2220509122310794,0.9550192503642144
1.2230517729290575,0.9572456912358374
1.2240526336270354,0.9642790327205519
1.2250534943250133,0.9710303412397248
1.2260543550229912,0.9652120770465304
1.227055215720969,0.9750462548171214
1.2280560764189472,0.9790753883801654
1.229056937116925,0.9671092773476352
1.230057797814903,0.9707521070637887
1.231058658512881,0.9779683727576903
1.232059519210859,0.9745833802561256
1.2330603799088369,0.9778872078154986
1.234061240606815,0.9825762058385381
1.2350621013047929,0.9868429364335835
1.2360629620027708,0.984068039475115
1.2370638227007487,0.9893903812561009
1.2380646833987266,1.00136994881832
1.2390655440967047,0.9819377225071156
1.2400664047946826,0.9858250878972812
1.2410672654926607,0.9965681471882909
1.2420681261906386,0.9993260431780725
1.2430689868886164,0.9991445335367019
1.2440698475865943,1.0042989450812405
1.2450707082845724,1.0039951428694367
1.2460715689825503,0.9987577147413582
1.2470724296805282,1.0022920494762093
1.2480732903785061,1.003367438082237
1.249074151076484,1.011542160471031
1.2500750117744621,1.010145852805409
1.2510758724724402,1.0107794909811376
1.2520767331704181,1.0159751060043476
1.253077593868396,1.0145375746336798
1.254078454566374,1.0021569841842723
1.2550793152643518,1.0216680270304885
1.25608017596233,1.0202366811182908
1.2570810366603078,1.0259081374209427
1.2580818973582857,1.0261218636947835
1.2590827580562636,1.030677418589654
1.2600836187542415,1.0221212143572311
1.2610844794522196,1.0309961065555897
1.2620853401501977,1.0354212620858803
1.2630862008481756,1.016055012794257
1.2640870615461535,1.0346504075865741
1.2650879222441314,1.0369298574821433
1.2660887829421092,1.0274475192698453
1.2670896436400874,1.0394151387847206
1.2680905043380652,1.034382867673316
1.2690913650360431,1.0472240434511806
1.270092225734021,1.034530437655657
1.2710930864319991,1.0529194223074638
1.272093947129977,1.0400390212303894
1.2730948078279551,1.0419608889170198
1.274095668525933,1.0368450896602985
1.275096529223911,1.0466035943273138
1.2760973899218888,1.0508304803070283
1.2770982506198667,1.0446417229401754
1.2780991113178448,1.0573224201779567
1.2790999720158227,1.0514713267092037
1.2801008327138006,1.057134626426392
1.2811016934117787,1.0484591208690346
1.2821025541097566,1.0651330126039538
1.2831034148077345,1.0566574946176075
1.2841042755057126,1.0693577581633475
1.2851051362036905,1.0627031936944944
1.2861059969016684,1.0619385935016592
1.2871068575996463,1.0649931860215058
1.2881077182976242,1.0632572218480127
1.2891085789956023,1.0744922285660472
1.2901094396935802,1.065585283424102
1.291110300391558,1.069236813277445
1.2921111610895362,1.07079029643328
1.293112021787514,1.0732284232113083
1.294112882485492,1.059764837358814
1.29511374318347,1.070501577247574
1.296114603881448,1.0844624828539433
1.2971154645794258,1.0854797928623965
1.2981163252774037,1.084059143102611
1.2991171859753816,1.0801659500514116
1.3001180466733597,1.0850149341955706
1.3011189073713376,1.0751310166530192
1.3021197680693157,1.0809628240834532
1.3031206287672936,1.078038602187721
1.3041214894652715,1.0771010629305746
1.3051223501632494,1.083591971288482
1.3061232108612275,1.0788591618927668
1.3071240715592054,1.0793020716152226
1.3081249322571833,1.079448460440092
1.3091257929551612,1.0854622116194583
1.310126653653139,1.0857878059629358
1.3111275143511172,1.0818915517517635
1.3121283750490953,1.0734332398843474
1.3131292357470732,1.086190174739872
1.314130096445051,1.0848499127566886
1.315130957143029,1.072999664444372
1.3161318178410069,1.0839198672320463
1.317132678538985,1.080188172942615
1.3181335392369629,1.079572649624963
1.3191343999349407,1.0811698451572687
1.3201352606329186,1.0783323741472925
1.3211361213308965,1.0736404146418315
1.3221369820288746,1.0886471664811437
1.3231378427268528,1.0854539748343484
1.3241387034248306,1.0795883670413524
1.3251395641228085,1.091022608798265
1.3261404248207864,1.0849328425478815
1.3271412855187643,1.0828797315794167
1.3281421462167424,1.0811715140974332
1.3291430069147203,1.080726378595058
1.3301438676126982,1.0870706297605548
1.331144728310676,1.087041258093952
1.3321455890086542,1.0737999796552296
1.333146449706632,1.0700224335653348
1.33414731040461,1.083110176610313
1.335148171102588,1.083407559472006
1.336149031800566,1.079715647046821
1.3371498924985439,1.079798421868438
1.3381507531965218,1.0815649096141426
1.3391516138944997,1.072128814437827
1.3401524745924778,1.0772378075780298
1.3411533352904557,1.0832659636464341
1.3421541959884338,1.0805127272873298
1.3431550566864117,1.078699306788581
1.3441559173843896,1.072564840487683
1.3451567780823674,1.075662322976263
1.3461576387803456,1.0750454498258994
1.3471584994783234,1.05810057496311
1.3481593601763013,1.0712274943369164
1.3491602208742792,1.0685016599050037
1.3501610815722571,1.0781764138129937
1.3511619422702352,1.0803834263187264
1.3521628029682133,1.0792184001350034
1.3531636636661912,1.0676501028290584
1.3541645243641691,1.0699648432144788
1.355165385062147,1.0721135910370607
1.356166245760125,1.0706999957790118
1.357167106458103,1.0673045697285701
1.358167967156081,1.0647464026173017
1.3591688278540588,1.064676202195462
1.3601696885520367,1.0636954313467968
1.3611705492500146,1.0727179872777244
1.3621714099479927,1.0606966079607951
1.3631722706459708,1.0688620385607688
1.3641731313439487,1.0587190269847515
1.3651739920419266,1.0510125134101995
1.3661748527399045,1.0569246569698023
1.3671757134378824,1.0586271990685179
1.3681765741358605,1.0616566424863054
1.3691774348338384,1.0573913597694984
1.3701782955318162,1.0447814583010067
1.3711791562297941,1.0545018154686299
1.3721800169277723,1.0533339165793396
1.3731808776257501,1.0385863765278749
1.3741817383237283,1.048372430880875
1.3751825990217061,1.0444023812765808
1.376183459719684,1.0527602929174107
1.377184320417662,1.0466412605296214
1.3781851811156398,1.0401213467634083
1.379186041813618,1.0424155330533176
1.3801869025115958,1.0412596415089246
1.3811877632095737,1.0437055835813875
1.3821886239075518,1.0522284649492926
1.3831894846055297,1.0373403936688685
1.3841903453035076,1.039212774933996
1.3851912060014857,1.044092922457991
1.3861920666994636,1.0342707552526045
1.3871929273974415,1.0303965011540148
1.3881937880954194,1.030908721743013
1.3891946487933973,1.042684375799437
1.3901955094913754,1.0330064745135172
1.3911963701893533,1.0299315768014432
1.3921972308873314,1.0215750900125091
1.3931980915853093,1.013959067010065
1.3941989522832872,1.023450214963465
1.395199812981265,1.0225984719189662
1.3962006736792432,1.0327326301107693
1.397201534377221,1.023673549047498
1.398202395075199,1.0189631845974843
1.3992032557731768,1.014897580150018
1.4002041164711547,1.0280589231846282
1.4012049771691328,1.0178323424288518
1.402205837867111,1.0074863321796446
1.4032066985650888,1.0189877553429794
1.4042075592630667,1.0076865124083938
1.4052084199610446,1.0074760686680917
1.4062092806590225,1.001004704990855
1.4072101413570006,1.0123189332615818
1.4082110020549785,1.0050571894255826
1.4092118627529564,1.0151821580491698
1.4102127234509343,0.9935104142914495
1.4112135841489122,1.0110901543194222
1.4122144448468903,0.9963892589816883
1.4132153055448684,0.9910268484957659
1.4142161662428463,0.9931547425942177
1.4152170269408242,1.0005005522038466
1.416217887638802,0.9948338005387627
1.41721874833678,0.9884597551938087
1.418219609034758,0.9951915099305491
1.419220469732736,0.9927511727929009
1.4202213304307139,0.9908825313669035
1.4212221911286917,0.9906174354986949
1.4222230518266699,0.9879613583483943
1.4232239125246477,0.9849488877170182
1.4242247732226259,0.9881519209670898
1.4252256339206038,0.9875263730285151
1.4262264946185816,0.9933584704898043
1.4272273553165595,0.9818524676238943
1.4282282160145374,0.9776604703973032
1.4292290767125155,0.9735550040288692
1.4302299374104934,0.985431606038217
1.4312307981084713,0.9870095174045884
1.4322316588064494,0.977992396690745
1.4332325195044273,0.9798192000663409
1.4342333802024052,0.9747471936845065
1.4352342409003833,0.9740549047559358
1.4362351015983612,0.9790087319449846
1.437235962296339,0.9760912204805862
1.438236822994317,0.9730032060283046
1.4392376836922949,0.9737515016119619
1.440238544390273,0.9704309739930996
1.4412394050882509,0.9702290330510964
1.442240265786229,0.9628290044121629
1.4432411264842069,0.9706040944739587
1.4442419871821848,0.9700753797774812
1.4452428478801627,0.9659910619757005
1.4462437085781408,0.9660786983114164
1.4472445692761187,0.968843368043226
1.4482454299740966,0.9603758005828034
1.4492462906720744,0.9592431759398717
1.4502471513700523,0.9587289590404868
1.4512480120680304,0.9587571207580711
1.4522488727660086,0.9673139139249873
1.4532497334639864,0.9643974764862444
1.4542505941619643,0.9566862872203895
1.4552514548599422,0.9534526991530876
1.4562523155579201,0.9618658410622931
1.4572531762558982,0.9571748128701787
1.4582540369538761,0.9533326077616714
1.459254897651854,0.9533697288530218
1.460255758349832,0.9463120724588479
1.4612566190478098,0.9488390575700952
1.462257479745788,0.950118867855301
1.463258340443766,0.9401738884242486
1.464259201141744,0.945736600704443
1.4652600618397218,0.9497786601748903
1.4662609225376997,0.945333464345831
1.4672617832356776,0.9485726202640163
1.4682626439336557,0.9386571183815968
1.4692635046316336,0.943713762102104
1.4702643653296115,0.942295137374421
1.4712652260275894,0.9486092042924705
1.4722660867255675,0.9449461296492881
1.4732669474235454,0.9519239196234454
1.4742678081215235,0.9435298896635971
1.4752686688195014,0.9445964310663455
1.4762695295174793,0.9409285212897504
1.4772703902154571,0.939627391574899
1.478271250913435,0.9449853062205351
1.4792721116114131,0.936988906571122
1.480272972309391,0.9473659504792642
1.481273833007369,0.9414226393021098
1.482274693705347,0.9498799620868997
1.483275554403325,0.9370019250450677
1.4842764151013028,0.931208164388053
1.485277275799281,0.9379677853976263
1.4862781364972588,0.9405577975133128
1.4872789971952367,0.9337569488475355
1.4882798578932146,0.9361343732719216
1.4892807185911925,0.9338997778022021
1.4902815792891706,0.9475912655784021
1.4912824399871485,0.9390744971716297
1.4922833006851266,0.9423233631378782
1.4932841613831045,0.9470113178885045
1.4942850220810824,0.9310682344474774
1.4952858827790603,0.926984621885793
1.4962867434770384,0.934047684715329
1.4972876041750163,0.93408497156853
1.4982884648729942,0.9346555569081768
1.499289325570972,0.9298972052088578
1.50029018626895,0.9305561283491224
1.501291046966928,0.944403321916306
1.5022919076649062,0.9303749187511752
1.503292768362884,0.9375760196130799
1.504293629060862,0.9330464035000029
1.5052944897588398,0.9331719217586179
1.5062953504568177,0.9353338240913331
1.5072962111547958,0.9149697391405377
1.5082970718527737,0.9299619276676504
1.5092979325507516,0.9374156588844348
1.5102987932487295,0.9304410623455748
1.5112996539467074,0.9384571507834497
1.5123005146446855,0.9332148995791213
1.5133013753426636,0.93058722025318
1.5143022360406415,0.9366540924619914
1.5153030967386194,0.9370430521510494
1.5163039574365973,0.9385659381541527
1.5173048181345752,0.9471416795019663
1.5183056788325533,0.9431159877923624
1.5193065395305312,0.9439771708940103
1.520307400228509,0.9339892344606469
1.521308260926487,0.942062988292991
1.522309121624465,0.9397145215449838
1.523309982322443,0.9424229639388437
1.524310843020421,0.9438913920563224
1.525311703718399,0.9352785507579681
1.5263125644163769,0.9399807932488179
1.5273134251143548,0.9423563725838409
1.5283142858123326,0.9437891272561321
1.5293151465103108,0.934945291535038
1.5303160072082886,0.9447907981658707
1.5313168679062665,0.9414774456382788
1.5323177286042446,0.9397701473546178
1.5333185893022225,0.9480216892731492
1.5343194500002004,0.9378948082851295
1.5353203106981785,0.9396429647859759
1.5363211713961564,0.9459587479126054
1.5373220320941343,0.9381551728456387
1.5383228927921122,0.9412997162881362
1.53932375349009,0.946059799280697
1.5403246141880682,0.9537172525506808
1.541325474886046,0.9391259038503137
1.542326335584024,0.941330852441346
1.543327196282002,0.9483694459320935
1.54432805697998,0.952234008541637
1.5453289176779579,0.9486033335374066
1.546329778375936,0.9532892294743935
1.5473306390739139,0.9476371316752515
1.5483314997718918,0.9434189293810948
1.5493323604698697,0.9607021306917914
1.5503332211678476,0.9563476055294122
